{
    "ActionSound": "",
    "AutoUnlock": true,
    "Cards": [
        "{\n    \"UnitsInDeck\": 4,\n    \"Card\": \"deflect\"\n}",
        "{\n    \"UnitsInDeck\": 3,\n    \"Card\": \"sneakystrike\"\n}",
        "{\n    \"UnitsInDeck\": 2,\n    \"Card\": \"acrobaticstrike\"\n}",
        "{\n    \"UnitsInDeck\": 2,\n    \"Card\": \"disengage\"\n}",
        "{\n    \"UnitsInDeck\": 2,\n    \"Card\": \"provoke\"\n}",
        "{\n    \"UnitsInDeck\": 1,\n    \"Card\": \"smokebomb\"\n}",
        "{\n    \"UnitsInDeck\": 1,\n    \"Card\": \"shadowscaledistractingstrike\"\n}"
    ],
    "ChallengePack0": "ninja",
    "ChallengePack1": "rogue",
    "ChallengePack2": "commander",
    "ChallengePack3": "guardian",
    "ChallengePack4": "defender",
    "ChallengePack5": "hunter",
    "ChallengePack6": "scoundrel",
    "CharacterDescription": "Thuls Sister, bigger and stronger with more martial and tactical training",
    "CharacterDescriptionStrength": "This character controls the battlefield through stealth taunt and evade",
    "CharacterName": "Kaa",
    "Energy": 1,
    "EnergyTurn": 3,
    "Female": true,
    "FluffOffsetX": 0,
    "FluffOffsetY": 3.40000009536743,
    "HeroClass": "scout",
    "HeroClassSecondary": "warrior",
    "HitSound": "",
    "HP": 65,
    "ID": "shadowscale",
    "Item": "shadowscalearmorofmocking",
    "MaxHP": [
        0,
        7,
        7,
        7,
        7
    ],
    "OrderInList": 5,
    "ResistSlashing": 10,
    "ResistBlunt": 10,
    "ResistPiercing": 10,
    "ResistFire": 5,
    "ResistCold": 5,
    "ResistLightning": 0,
    "ResistHoly": 0,
    "ResistShadow": 10,
    "ResistMind": 5,
    "Speed": 18,
    "SpriteBorderLocked": "kaaSilueta",
    "StickerBase": "",
    "StickerAngry": "",
    "StickerIndifferent": "",
    "StickerLove": "",
    "StickerSurprise": "",
    "StickerOffsetX": 0.100000001490116,
    "SubclassName": "Shadowscale",
    "Trait0": "shadowscaletrait0",
    "Trait1A": "shadowscaletrait1a",
    "Trait1B": "shadowscaletrait1b",
    "Trait2A": "shadowscaletrait2a",
    "Trait2B": "shadowscaletrait2b",
    "Trait3A": "shadowscaletrait3a",
    "Trait3B": "shadowscaletrait3b",
    "Trait4A": "shadowscaletrait4a",
    "Trait4B": "shadowscaletrait4b",
    "CardsSingularity": [
        "shadowscaledistractingstrike",
        "deflect",
        "sneakystrike",
        "acrobaticstrike",
        "disengage",
        "provoke",
        "smokebomb",
        "intercept",
        "repairarmor",
        "sneakpeek",
        "camouflage",
        "faststrike",
        "slash",
        "cleave",
        "bladedance"
    ]
}